product_id,name,brand,category,ingredients,form,price,coupang_url,seller_claims,review_rating,review_count,review_summary,mfds_function_claim,cautions,tags,target_personas
demo_01,가상 테아닌 1,샘플브랜드 1,건강기능식품 샘플,테아닌:200 mg,정제,12000,,사업자 제공 샘플 문구(추천 이유에 사용하지 않음),4.2,40,포장과 휴대 편의에 관한 가상 후기,스트레스로 인한 긴장완화에 도움을 줄 수 있음,임신 수유 시 전문가 상담,수면;피로,수면 개선형;피로 회복형
demo_02,가상 마그네슘 1,샘플브랜드 2,건강기능식품 샘플,마그네슘:100 mg,캡슐,13000,,사업자 제공 샘플 문구(추천 이유에 사용하지 않음),4.3,75,포장과 휴대 편의에 관한 가상 후기,신경과 근육 기능 유지에 필요,의약품 복용 시 전문가 상담,활동;건강유지,운동 퍼포먼스형;건강 유지형
demo_03,가상 비타민C 1,샘플브랜드 3,건강기능식품 샘플,비타민C:100 mg,분말,14000,,사업자 제공 샘플 문구(추천 이유에 사용하지 않음),4.4,110,포장과 휴대 편의에 관한 가상 후기,항산화 작용을 하여 유해산소로부터 세포를 보호하는데 필요,알레르기 확인,건강유지;체중;피로,체중 관리형;피로 회복형;건강 유지형
demo_04,가상 테아닌 2,샘플브랜드 1,건강기능식품 샘플,테아닌:200 mg,정제,15000,,사업자 제공 샘플 문구(추천 이유에 사용하지 않음),4.5,145,포장과 휴대 편의에 관한 가상 후기,스트레스로 인한 긴장완화에 도움을 줄 수 있음,임신 수유 시 전문가 상담,수면;피로,수면 개선형;피로 회복형
demo_05,가상 마그네슘 2,샘플브랜드 2,건강기능식품 샘플,마그네슘:100 mg,캡슐,16000,,사업자 제공 샘플 문구(추천 이유에 사용하지 않음),4.2,180,포장과 휴대 편의에 관한 가상 후기,신경과 근육 기능 유지에 필요,의약품 복용 시 전문가 상담,활동;건강유지,운동 퍼포먼스형;건강 유지형
demo_06,가상 비타민C 2,샘플브랜드 3,건강기능식품 샘플,비타민C:100 mg,분말,17000,,사업자 제공 샘플 문구(추천 이유에 사용하지 않음),4.3,215,포장과 휴대 편의에 관한 가상 후기,항산화 작용을 하여 유해산소로부터 세포를 보호하는데 필요,알레르기 확인,건강유지;체중;피로,체중 관리형;피로 회복형;건강 유지형
demo_07,가상 테아닌 3,샘플브랜드 1,건강기능식품 샘플,테아닌:200 mg,정제,18000,,사업자 제공 샘플 문구(추천 이유에 사용하지 않음),4.4,250,포장과 휴대 편의에 관한 가상 후기,스트레스로 인한 긴장완화에 도움을 줄 수 있음,임신 수유 시 전문가 상담,수면;피로,수면 개선형;피로 회복형
demo_08,가상 마그네슘 3,샘플브랜드 2,건강기능식품 샘플,마그네슘:100 mg,캡슐,19000,,사업자 제공 샘플 문구(추천 이유에 사용하지 않음),4.5,285,포장과 휴대 편의에 관한 가상 후기,신경과 근육 기능 유지에 필요,의약품 복용 시 전문가 상담,활동;건강유지,운동 퍼포먼스형;건강 유지형
demo_09,가상 비타민C 3,샘플브랜드 3,건강기능식품 샘플,비타민C:100 mg,분말,20000,,사업자 제공 샘플 문구(추천 이유에 사용하지 않음),4.2,320,포장과 휴대 편의에 관한 가상 후기,항산화 작용을 하여 유해산소로부터 세포를 보호하는데 필요,알레르기 확인,건강유지;체중;피로,체중 관리형;피로 회복형;건강 유지형
demo_10,가상 테아닌 4,샘플브랜드 1,건강기능식품 샘플,테아닌:200 mg,정제,21000,,사업자 제공 샘플 문구(추천 이유에 사용하지 않음),4.3,355,포장과 휴대 편의에 관한 가상 후기,스트레스로 인한 긴장완화에 도움을 줄 수 있음,임신 수유 시 전문가 상담,수면;피로,수면 개선형;피로 회복형
demo_11,가상 마그네슘 4,샘플브랜드 2,건강기능식품 샘플,마그네슘:100 mg,캡슐,22000,,사업자 제공 샘플 문구(추천 이유에 사용하지 않음),4.4,390,포장과 휴대 편의에 관한 가상 후기,신경과 근육 기능 유지에 필요,의약품 복용 시 전문가 상담,활동;건강유지,운동 퍼포먼스형;건강 유지형
demo_12,가상 비타민C 4,샘플브랜드 3,건강기능식품 샘플,비타민C:100 mg,분말,23000,,사업자 제공 샘플 문구(추천 이유에 사용하지 않음),4.5,425,포장과 휴대 편의에 관한 가상 후기,항산화 작용을 하여 유해산소로부터 세포를 보호하는데 필요,알레르기 확인,건강유지;체중;피로,체중 관리형;피로 회복형;건강 유지형
demo_13,가상 카페인 복합 비타민C 5,샘플브랜드 1,건강기능식품 샘플,비타민C:100 mg;카페인:50 mg,정제,24000,,사업자 제공 샘플 문구(추천 이유에 사용하지 않음),4.2,460,포장과 휴대 편의에 관한 가상 후기,항산화 작용을 하여 유해산소로부터 세포를 보호하는데 필요,카페인 섭취가 많거나 수면 불편 시 주의,체중;피로,체중 관리형;피로 회복형
demo_14,가상 마그네슘 5,샘플브랜드 2,건강기능식품 샘플,마그네슘:100 mg,캡슐,25000,,사업자 제공 샘플 문구(추천 이유에 사용하지 않음),4.3,495,포장과 휴대 편의에 관한 가상 후기,신경과 근육 기능 유지에 필요,의약품 복용 시 전문가 상담,활동;건강유지,운동 퍼포먼스형;건강 유지형
demo_15,가상 비타민C 5,샘플브랜드 3,건강기능식품 샘플,비타민C:100 mg,분말,26000,,사업자 제공 샘플 문구(추천 이유에 사용하지 않음),4.4,530,포장과 휴대 편의에 관한 가상 후기,항산화 작용을 하여 유해산소로부터 세포를 보호하는데 필요,알레르기 확인,건강유지;체중;피로,체중 관리형;피로 회복형;건강 유지형
